start_time,end_time,label
1748288905.914645,1748298905.914645,Scheduled Maintenance
1748299075.398035,,Start fire